,0
0,\image28_FPat6_Age9_ESze1_NSze2_FThck2.jpg
1,\image_FPat1_Age5_ESze2_NSze1_FThck1.jpg
2,\image34_FPat4_Age9_ESze2_NSze2_FThck2.jpg
3,\image22_FPat8_Age4_ESze3_NSze2_FThck1.jpg
4,\image39_FPat4_Age10_ESze1_NSze1_FThck2.jpg
5,\image_FPat3_Age6_ESze1_NSze2_FThck3.jpg
6,\image35_FPat4_Age5_ESze1_NSze2_FThck2.jpg
7,\image42_FPat4_Age1_ESze1_NSze1_FThck2.jpg
8,\image_FPat9_Age10_ESze4_NSze3_FThck3.jpg
9,\image12_FPat5_Age3_ESze1_NSze2_FThck1.jpg
10,\image18_FPat3_Age6_ESze1_NSze2_FThck3.jpg
11,\image_FPat3_Age4_ESze2_NSze1_FThck2.jpg
12,\image_FPat8_Age4_ESze3_NSze2_FThck1.jpg
13,\image13_FPat6_Age10_ESze1_NSze1_FThck3.jpg
14,\image49_FPat4_Age10_ESze2_NSze1_FThck2.jpg
15,\image10_FPat5_Age8_ESze1_NSze1_FThck2.jpg
16,\image29_FPat5_Age3_ESze1_NSze2_FThck1.jpg
17,\image_FPat1_Age4_ESze1_NSze1_FThck2.jpg
18,\image20_FPat4_Age2_ESze3_NSze1_FThck1.jpg
19,\image11_FPat5_Age7_ESze2_NSze2_FThck2.jpg
20,\image_FPat4_Age1_ESze1_NSze1_FThck1.jpg
21,\image45_FPat10_Age10_ESze1_NSze2_FThck2.jpg
22,\image_FPat6_Age10_ESze1_NSze1_FThck3.jpg
23,\image_FPat4_Age2_ESze2_NSze1_FThck1.jpg
24,\image50_FPat10_Age6_ESze2_NSze2_FThck2.jpg
25,\image52_FPat1_Age1_ESze1_NSze1_FThck2.jpg
26,\image_FPat8_Age4_ESze3_NSze1_FThck1.jpg
27,\image43_FPat3_Age1_ESze1_NSze1_FThck3.jpg
28,\image32_FPat10_Age2_ESze3_NSze1_FThck2.jpg
29,\image27_FPat1_Age1_ESze1_NSze1_FThck1.jpg
30,\image_FPat1_Age2_ESze2_NSze2_FThck1.jpg
31,\image16_FPat7_Age7_ESze1_NSze3_FThck3.jpg
32,\image9_FPat5_Age4_ESze1_NSze1_FThck2.jpg
33,\image_FPat1_Age9_ESze1_NSze2_FThck2.jpg
34,\image5_FPat3_Age4_ESze2_NSze1_FThck2.jpg
35,\image46_FPat11_Age12_ESze2_NSze2_FThck2.jpg
36,\image2_FPat1_Age9_ESze1_NSze2_FThck2.jpg
37,\image38_FPat8_Age7_ESze1_NSze1_FThck3.jpg
38,\image25_FPat5_Age8_ESze1_NSze2_FThck3.jpg
39,\image_FPat5_Age8_ESze1_NSze1_FThck2.jpg
40,\image8_FPat4_Age6_ESze1_NSze1_FThck2.jpg
41,\image37_FPat1_Age4_ESze1_NSze1_FThck2.jpg
42,\image_FPat1_Age3_ESze3_NSze1_FThck1.jpg
43,\image26_FPat3_Age2_ESze1_NSze1_FThck1.jpg
44,\image54_FPat3_Age4_ESze1_NSze3_FThck3.jpg
45,\image6_FPat4_Age2_ESze2_NSze1_FThck1.jpg
46,\image14_FPat1_Age4_ESze1_NSze1_FThck2.jpg
47,\image_FPat7_Age7_ESze1_NSze3_FThck3.jpg
48,\image30_FPat4_Age1_ESze1_NSze1_FThck1.jpg
49,\image_FPat5_Age7_ESze2_NSze2_FThck2.jpg
50,\image3_FPat1_Age1_ESze1_NSze1_FThck1.jpg
51,\image23_FPat8_Age4_ESze3_NSze2_FThck1.jpg
52,\image21_FPat1_Age5_ESze2_NSze2_FThck1.jpg
53,\image51_FPat3_Age1_ESze1_NSze1_FThck2.jpg
54,\image4_FPat2_Age7_ESze1_NSze2_FThck3.jpg
55,\image_FPat1_Age1_ESze1_NSze1_FThck1.jpg
56,\image_FPat3_Age2_ESze1_NSze1_FThck1.jpg
57,\image33_FPat4_Age2_ESze2_NSze1_FThck1.jpg
58,\image17_FPat1_Age2_ESze2_NSze2_FThck1.jpg
59,\image48_FPat6_Age2_ESze2_NSze2_FThck1.jpg
60,\image_FPat1_Age5_ESze2_NSze2_FThck1.jpg
61,\image_FPat5_Age8_ESze1_NSze2_FThck3.jpg
62,\image19_FPat4_Age1_ESze1_NSze1_FThck1.jpg
63,\image53_FPat3_Age2_ESze2_NSze2_FThck3.jpg
